societe_recherchee,siren,denomination
Neoen,440947406,NEOEN DEVELOPPEMENT
Neoen,508320017,NEOEN
Neoen,752930214,NEOENERGIE
Fonroche Energie,NON TROUVE,NON TROUVE
Akuo Energy,495259061,AKUO ENERGY SAS
Arkolia Energies,509835104,ARKOLIA ENERGIES
Qair Group,NON TROUVE,NON TROUVE
Valorem,443925763,SCI AD VALOREM
Valorem,532300217,VALOREMM
Valorem,537831786,TERRA VALOREM
Valorem,821429693,SCI VALOREM
Valorem,821645728,GENUS VALOREM
Eolfi,NON TROUVE,NON TROUVE
Voltalia,NON TROUVE,NON TROUVE
Engie Green,421128372,ENGIE GREEN BERNES EXTENSION
Engie Green,798710562,ENGIE GREEN VOUILLON
Engie Green,811103639,ENGIE GREEN POULDERGAT
Engie Green,811103712,ENGIE GREEN GRAZAS
TotalEnergies Renewables,NON TROUVE,NON TROUVE
EDF Renouvelables,379677636,EDF RENOUVELABLES
CNR,411153950,CNR CONSTRUCTION NEUVE ET RENOVATION
CNR,412123382,CLUB DES NATURISTES ROUENNAIS CNR
CNR,420105173,SCI CNRT DESSAUX
CNR,523820405,SCI CNR
CNR,751847583,SOCIETE CIVILE IMMOBILIERE CCNR
RWE Renewables France,NON TROUVE,NON TROUVE
BayWa r.e.,NON TROUVE,NON TROUVE
Iberdrola France,NON TROUVE,NON TROUVE
VSB Energies Nouvelles,439697178,VSB ENERGIES NOUVELLES
Amarenco,NON TROUVE,NON TROUVE
SolaireDirect,U17327126,EURL SOLAIREDIRECT PROPERTIES
Sonnedix France,NON TROUVE,NON TROUVE
Photosol,539701854,PHOTOSOL SPV 5
Photosol,U20486298,PHOTOSOL SPV 2
Photosol,U20486323,PHOTOSOL SPV 25
Reden Solar,NON TROUVE,NON TROUVE
Tenergie,510202385,CORTENERGIE
Sergies,437598782,SERGIES
CVE,377483870,ROCVER
CVE,390292647,SCI ROCVEL
CVE,390780591,PICVERT
CVE,393634613,SICVEN FRANCE
CVE,419915996,JACVER
Corfu Solaire,NON TROUVE,NON TROUVE
Albioma,352694061,ALBIOMA BOIS-ROUGE
Albioma,383599214,ALBIOMA LE GOL
Albioma,403215569,ALBIOMA LE MOULE
Albioma,477991046,ALBIOMA GALION
Albioma,493431043,ALBIOMA SOLAIRE GUYANE
Luxel,NON TROUVE,NON TROUVE
Inelia,492238977,VINELIA
Inelia,493825855,MADINELIA
Inelia,750240004,INELIAS
Inelia,810858720,MAKINELIA
Inelia,814316600,INELIA
Technique Solaire,528584972,TECHNIQUE SOLAIRE INVEST 12
Technique Solaire,528597800,TECHNIQUE SOLAIRE INVEST 18
Technique Solaire,794048520,TECHNIQUE SOLAIRE INVEST 20
Enbridge Europe,NON TROUVE,NON TROUVE
Octopus Energy,NON TROUVE,NON TROUVE
JPee,NON TROUVE,NON TROUVE
RES France,095781720,KNORR-BREMSE SYSTEMES FERROVIAIRES FRANCE SA
RES France,312786338,AVON POLYMERES FRANCE S A
RES France,319806048,ARLANXEO ELASTOMERES FRANCE SAS
RES France,328886304,FOND MANSART PARCS DEMEURES FRANCE
RES France,339626210,CONSEIL ET REALISATIONS IMMOBILIERES FRANCE
Engie Solutions,NON TROUVE,NON TROUVE
Urbasolar,NON TROUVE,NON TROUVE
Quadran,327667317,GFA DES TROIS QUADRANTS
Quadran,487889511,DELTA QUADRANT
Quadran,712030212,QUADRANT SA
Quadran,712030212,SA QUADRANT
Quadran,,QUADRANT
Wpd Solar,NON TROUVE,NON TROUVE
AkuoCoop,NON TROUVE,NON TROUVE
Sun'Agri,NON TROUVE,NON TROUVE
TSE,200055911,COMMUNE DE MONTSENELLE
TSE,210207106,COMMUNE DE TAVAUX ET PONTSERICOURT
TSE,210701637,COMMUNE DE MONTSELGUES
TSE,210902110,COMMUNE DE MONTSEGUR
TSE,210902128,COMMUNE DE MONTSERON
Ombrea,389554197,SCI COMBREAU
Ombrea,497741470,DES OMBREAUX
Ombrea,,GROUPEMENT FORESTIER DES NOMBREAUX
Ombrea,,SECTION DE COMBREAU
Ombrea,,SECTION DE COMBREAU ET DE LA CAVE
AgriPV Solutions,NON TROUVE,NON TROUVE
Akuo Agrinergie,NON TROUVE,NON TROUVE
Arkolia Agri,NON TROUVE,NON TROUVE
Amarenco Agri,NON TROUVE,NON TROUVE
Voltalia Agri,NON TROUVE,NON TROUVE
Soleil du Sud,443803168,SOLEIL DU SUD
Soleil du Sud,484284393,SOLEIL DU SUD
Soleil du Sud,499702553,LE SOLEIL DU SUD
Soleil du Sud,512326968,SOLEIL DU SUD
Soleil du Sud,518718416,SOLEIL DU SUD OUEST
Green Lighthouse,NON TROUVE,NON TROUVE
Generale du Solaire,NON TROUVE,NON TROUVE
Soleil du Midi,402218457,SOLEIL DU MIDI  LE
Soleil du Midi,501818629,SOLEIL DU MIDI
Soleil du Midi,,LE SOLEIL DU MIDI
Vol-V Solar,NON TROUVE,NON TROUVE
Solaire France,NON TROUVE,NON TROUVE
Centrales Villageoises,NON TROUVE,NON TROUVE
Volta Energies,NON TROUVE,NON TROUVE
Alterna,334626728,HABITAT ALTERNATIF SOCIAL
Alterna,378417406,ALTERNATIVE EDUCATION FORMATION
Alterna,382387546,EMMAUS ALTERNATIVES
Alterna,402562920,ALTERNA
Alterna,407675628,BIOALTERNATIVES
Eneria,352774079,ENERIA
Eneria,,SCI LIENERIA
Enercoop Bretagne,NON TROUVE,NON TROUVE
IEL Energie,452536881,CRIEL ENERGIES
Solaire 35,NON TROUVE,NON TROUVE
Langa Solar,NON TROUVE,NON TROUVE
Dhamma Energy,NON TROUVE,NON TROUVE
Sirea,424948834,SIREA HOLDING
Sirea,822480695,SIREAU IMMO
SunPower France,NON TROUVE,NON TROUVE
Systeko,NON TROUVE,NON TROUVE
Inelio,392886099,ROBINELIO
Inelio,533399044,SOCIETE CIVILE IMMOBILIERE RINELIO
Inelio,810932566,VINELIOLI SCI
Inelio,821426038,SCI COLINELIOTT
Adjutor,211602933,COMMUNE DE SAINT ADJUTORY
Adjutor,803908631,ADJUTOR
Adjutor,,SECTION DETAMPES /MAIRIE DE SAINT ADJUTORY
Adjutor,,SOCIETE CIVILE IMMOBILIERE DU 8 RUE SAINT ADJUTOR
Ciel & Terre,NON TROUVE,NON TROUVE
GreenYellow,NON TROUVE,NON TROUVE
Compagnie des Negoces Electriques,NON TROUVE,NON TROUVE
In Sun We Trust,NON TROUVE,NON TROUVE
Comwatt,NON TROUVE,NON TROUVE
DualSun,NON TROUVE,NON TROUVE
Enercoop,NON TROUVE,NON TROUVE
Photowatt,NON TROUVE,NON TROUVE
Voltec Solar,NON TROUVE,NON TROUVE
Systovi,NON TROUVE,NON TROUVE
Recom,331648154,FINANCIERE EURECOM
Recom,351043658,CORECOM IMMOBILIER
Recom,403754336,LE PASSE RECOMPOSE
Recom,405217738,PRECOMTAL
Recom,409577145,LA RECOMPENSE
Sunpower Maxeon,NON TROUVE,NON TROUVE
Evasol,NON TROUVE,NON TROUVE
Tryba Energie,NON TROUVE,NON TROUVE
Otovo France,NON TROUVE,NON TROUVE
Effy,324073089,EFFY
Effy,421249368,BOIS DE CLEFFY ET DE L AUMONE
Effy,432569044,PARC RESIDENTIEL DU REFFY
Effy,482841665,EFFYEMEDE
Effy,521099937,REFFYE EXPERTISE
Enersol,321166019,ENERSOL
Enersol,514320845,ENERSOL BP
Proxeo Solaire,NON TROUVE,NON TROUVE
Helios Energie,514091149,HELIOS ENERGIE
Helios Energie,518180617,HELIOS ENERGIE SOLAIRE
Solveo Energie,NON TROUVE,NON TROUVE
Greenbirdie,NON TROUVE,NON TROUVE
